NAME,D614G,P314L
EPI_ISL_468155,var,var
EPI_ISL_468134,var,var
EPI_ISL_468137,var,var
EPI_ISL_468152,var,var
EPI_ISL_468151,var,var
EPI_ISL_468154,var,var
EPI_ISL_468158,var,var
EPI_ISL_468148,var,var
EPI_ISL_468146,var,var
EPI_ISL_468157,var,var
EPI_ISL_468150,var,var
EPI_ISL_468139,var,var
EPI_ISL_468147,var,var
EPI_ISL_468138,var,var
EPI_ISL_468136,var,var
EPI_ISL_468142,var,var
EPI_ISL_468135,var,var
EPI_ISL_468145,var,var
EPI_ISL_468140,var,var
EPI_ISL_468149,var,var
EPI_ISL_468153,var,var
EPI_ISL_468141,var,var
EPI_ISL_468144,var,var
EPI_ISL_468143,var,var